{
  "_format": "hh-sol-cache-2",
  "files": {
    "/home/tchoi/Desktop/ResearchCode/TestDeploy/contracts/HelloWorld.sol": {
      "lastModificationDate": 1646863481082,
      "contentHash": "a9805972cc2274ca649055cb7b22a118",
      "sourceName": "contracts/HelloWorld.sol",
      "solcConfig": {
        "version": "0.7.3",
        "settings": {
          "optimizer": {
            "enabled": false,
            "runs": 200
          },
          "outputSelection": {
            "*": {
              "*": [
                "abi",
                "evm.bytecode",
                "evm.deployedBytecode",
                "evm.methodIdentifiers",
                "metadata"
              ],
              "": [
                "ast"
              ]
            }
          }
        }
      },
      "imports": [],
      "versionPragmas": [
        ">=0.7.3"
      ],
      "artifacts": [
        "HelloWorld"
      ]
    }
  }
}
